{
  "model": {
    "type": "select",
    "property": "custom_model_data",
    "fallback": {
      "type": "minecraft:model",
      "model": "item/carrot_on_a_stick",
      "tints": [{ "type": "minecraft:dye", "default": -6265536 }]
    },
    "cases": [
      {
        "when": "test_item",
        "model": {
          "type": "minecraft:model",
          "model": "item/test_item",
          "tints": [
            { "type": "minecraft:custom_model_data", "default": 16777215 }
          ]
        }
      },
      {
        "when": "wand",
        "model": {
          "type": "minecraft:model",
          "model": "item/wand"
        }
      },
      {
        "when": "eternity_breaker",
        "model": {
          "type": "minecraft:model",
          "model": "item/eternity_breaker"
        }
      },
      {
        "when": "daily_builder_kit",
        "model": {
          "type": "minecraft:model",
          "model": "item/daily_builder_kit"
        }
      }
    ]
  }
}
