{
	"format_version": "1.21.11",
	"credit": "Made with Blockbench",
	"texture_size": [32, 32],
	"textures": {
		"0": "item/daily_builder_kit",
		"particle": "item/daily_builder_kit"
	},
	"elements": [
		{
			"name": "base",
			"from": [4, 0, 7],
			"to": [12, 0.8, 12],
			"rotation": {"angle": 0, "axis": "y", "origin": [8, 0.3, 9.5]},
			"faces": {
				"north": {"uv": [8.5, 2, 12.5, 2.375], "texture": "#0"},
				"east": {"uv": [9, 5, 11.5, 5.375], "texture": "#0"},
				"south": {"uv": [8.5, 2.5, 12.5, 2.875], "texture": "#0"},
				"west": {"uv": [9, 5.5, 11.5, 5.875], "texture": "#0"},
				"up": {"uv": [8.5, 2.5, 4.5, 0], "texture": "#0"},
				"down": {"uv": [8.5, 2.5, 4.5, 5], "texture": "#0"}
			}
		},
		{
			"name": "right_side",
			"from": [12, 0, 7],
			"to": [12.2, 2, 12],
			"rotation": {"angle": 0, "axis": "y", "origin": [12.1, 1, 9.5]},
			"faces": {
				"north": {"uv": [10, 11.5, 10.125, 12.5], "texture": "#0"},
				"east": {"uv": [4.5, 7, 7, 8], "texture": "#0"},
				"south": {"uv": [10.5, 11.5, 10.625, 12.5], "texture": "#0"},
				"west": {"uv": [7, 7, 9.5, 8], "texture": "#0"},
				"up": {"uv": [6.125, 13, 6, 10.5], "texture": "#0"},
				"down": {"uv": [6.625, 10.5, 6.5, 13], "texture": "#0"}
			}
		},
		{
			"name": "left_side",
			"from": [3.8, 0, 7],
			"to": [4, 2, 12],
			"rotation": {"angle": 0, "axis": "y", "origin": [3.9, 1, 9.5]},
			"faces": {
				"north": {"uv": [11, 11.5, 11.125, 12.5], "texture": "#0"},
				"east": {"uv": [0, 8, 2.5, 9], "texture": "#0"},
				"south": {"uv": [11.5, 11.5, 11.625, 12.5], "texture": "#0"},
				"west": {"uv": [2.5, 8, 5, 9], "texture": "#0"},
				"up": {"uv": [7.125, 13, 7, 10.5], "texture": "#0"},
				"down": {"uv": [7.625, 10.5, 7.5, 13], "texture": "#0"}
			}
		},
		{
			"name": "front",
			"from": [3.8, 0, 6.8],
			"to": [12.2, 2, 7],
			"rotation": {"angle": 0, "axis": "y", "origin": [8, 1, 6.9]},
			"faces": {
				"north": {"uv": [4.5, 5, 8.75, 6], "texture": "#0"},
				"east": {"uv": [11.5, 5, 11.625, 6], "texture": "#0"},
				"south": {"uv": [0, 6, 4.25, 7], "texture": "#0"},
				"west": {"uv": [9.5, 11.5, 9.625, 12.5], "texture": "#0"},
				"up": {"uv": [13.75, 4.125, 9.5, 4], "texture": "#0"},
				"down": {"uv": [13.75, 4.5, 9.5, 4.625], "texture": "#0"}
			}
		},
		{
			"name": "back",
			"from": [3.8, 0, 12],
			"to": [12.2, 2, 12.2],
			"rotation": {"angle": 0, "axis": "y", "origin": [8, 1, 12.1]},
			"faces": {
				"north": {"uv": [4.5, 6, 8.75, 7], "texture": "#0"},
				"east": {"uv": [0, 12, 0.125, 13], "texture": "#0"},
				"south": {"uv": [0, 7, 4.25, 8], "texture": "#0"},
				"west": {"uv": [0.5, 12, 0.625, 13], "texture": "#0"},
				"up": {"uv": [13.75, 7.125, 9.5, 7], "texture": "#0"},
				"down": {"uv": [13.75, 7.5, 9.5, 7.625], "texture": "#0"}
			}
		},
		{
			"name": "hinge",
			"from": [7.5, 1.7, 6.6],
			"to": [8.5, 2.1, 7.1],
			"rotation": {"angle": 0, "axis": "y", "origin": [8, 1.9, 6.85]},
			"faces": {
				"north": {"uv": [11.5, 9.5, 12, 9.75], "texture": "#0"},
				"east": {"uv": [13, 11.5, 13.25, 11.75], "texture": "#0"},
				"south": {"uv": [1, 12, 1.5, 12.25], "texture": "#0"},
				"west": {"uv": [12, 13, 12.25, 13.25], "texture": "#0"},
				"up": {"uv": [2, 12.25, 1.5, 12], "texture": "#0"},
				"down": {"uv": [2.5, 12, 2, 12.25], "texture": "#0"}
			}
		},
		{
			"name": "left_side",
			"from": [3.8, 2.2, 12.2],
			"to": [4, 7.2, 13],
			"rotation": {"angle": 0, "axis": "y", "origin": [3.8, 2, 11]},
			"faces": {
				"north": {"uv": [4, 10.5, 4.125, 13.125], "texture": "#0"},
				"east": {"uv": [1, 9, 1.375, 11.625], "texture": "#0"},
				"south": {"uv": [4.5, 10.5, 4.625, 13.125], "texture": "#0"},
				"west": {"uv": [1.5, 9, 1.875, 11.625], "texture": "#0"},
				"up": {"uv": [13.625, 2.375, 13.5, 2], "texture": "#0"},
				"down": {"uv": [2.625, 13.5, 2.5, 13.875], "texture": "#0"}
			}
		},
		{
			"name": "right_side",
			"from": [12, 2.2, 12.2],
			"to": [12.2, 7.2, 13],
			"rotation": {"angle": 0, "axis": "y", "origin": [12, 2, 11]},
			"faces": {
				"north": {"uv": [5, 10.5, 5.125, 13.125], "texture": "#0"},
				"east": {"uv": [2, 9, 2.375, 11.625], "texture": "#0"},
				"south": {"uv": [5.5, 10.5, 5.625, 13.125], "texture": "#0"},
				"west": {"uv": [2.5, 9, 2.875, 11.625], "texture": "#0"},
				"up": {"uv": [13.625, 2.875, 13.5, 2.5], "texture": "#0"},
				"down": {"uv": [3.125, 13.5, 3, 13.875], "texture": "#0"}
			}
		},
		{
			"name": "base",
			"from": [3.8, 2, 13],
			"to": [12.2, 7.4, 13.6],
			"rotation": {"angle": 0, "axis": "x", "origin": [11.8, 4.7, 26.9]},
			"faces": {
				"north": {"uv": [0, 0, 4.25, 2.75], "texture": "#0"},
				"east": {"uv": [3, 9, 3.25, 11.75], "texture": "#0"},
				"south": {"uv": [0, 3, 4.25, 5.75], "texture": "#0"},
				"west": {"uv": [3.5, 9, 3.75, 11.75], "texture": "#0"},
				"up": {"uv": [12.75, 3.25, 8.5, 3], "texture": "#0"},
				"down": {"uv": [12.75, 3.5, 8.5, 3.75], "texture": "#0"}
			}
		},
		{
			"name": "back",
			"from": [3.8, 2, 12.2],
			"to": [12.2, 2.2, 13],
			"rotation": {"angle": 0, "axis": "y", "origin": [7, 2, 11]},
			"faces": {
				"north": {"uv": [4, 10, 8.25, 10.125], "texture": "#0"},
				"east": {"uv": [13.5, 3, 13.875, 3.125], "texture": "#0"},
				"south": {"uv": [10, 6, 14.25, 6.125], "texture": "#0"},
				"west": {"uv": [3.5, 13.5, 3.875, 13.625], "texture": "#0"},
				"up": {"uv": [12.75, 0.375, 8.5, 0], "texture": "#0"},
				"down": {"uv": [12.75, 0.5, 8.5, 0.875], "texture": "#0"}
			}
		},
		{
			"name": "front",
			"from": [3.8, 7.2, 12.2],
			"to": [12.2, 7.4, 13],
			"rotation": {"angle": 0, "axis": "y", "origin": [7, 7.2, 11]},
			"faces": {
				"north": {"uv": [10, 6.5, 14.25, 6.625], "texture": "#0"},
				"east": {"uv": [13.5, 3.5, 13.875, 3.625], "texture": "#0"},
				"south": {"uv": [10, 8, 14.25, 8.125], "texture": "#0"},
				"west": {"uv": [4, 13.5, 4.375, 13.625], "texture": "#0"},
				"up": {"uv": [12.75, 1.375, 8.5, 1], "texture": "#0"},
				"down": {"uv": [12.75, 1.5, 8.5, 1.875], "texture": "#0"}
			}
		},
		{
			"name": "hinge",
			"from": [7.5, 7.1, 12],
			"to": [8.5, 7.5, 12.8],
			"rotation": {"angle": 0, "axis": "y", "origin": [8, 7.3, 12.25]},
			"faces": {
				"north": {"uv": [2.5, 12, 3, 12.25], "texture": "#0"},
				"east": {"uv": [12, 12, 12.375, 12.25], "texture": "#0"},
				"south": {"uv": [3, 12, 3.5, 12.25], "texture": "#0"},
				"west": {"uv": [1, 12.5, 1.375, 12.75], "texture": "#0"},
				"up": {"uv": [10.5, 9.875, 10, 9.5], "texture": "#0"},
				"down": {"uv": [0.5, 11, 0, 11.375], "texture": "#0"}
			}
		},
		{
			"from": [10.7, 1, 6.9],
			"to": [11, 3.2, 10.2],
			"rotation": {"x": 7.91199, "y": -19.732, "z": -28.25922, "origin": [10.7, 1, 8.2]},
			"faces": {
				"north": {"uv": [8.5, 11.5, 8.625, 12.625], "texture": "#0"},
				"east": {"uv": [5, 8, 6.625, 9.125], "texture": "#0"},
				"south": {"uv": [9, 11.5, 9.125, 12.625], "texture": "#0"},
				"west": {"uv": [7, 8, 8.625, 9.125], "texture": "#0"},
				"up": {"uv": [8.125, 12.125, 8, 10.5], "texture": "#0"},
				"down": {"uv": [10.625, 9.5, 10.5, 11.125], "texture": "#0"}
			}
		},
		{
			"from": [7.8, 0.8, 9.6],
			"to": [9.8, 1, 11.6],
			"rotation": {"angle": 0, "axis": "y", "origin": [8.8, 1.325, 10.65]},
			"faces": {
				"north": {"uv": [12, 5, 13, 5.125], "texture": "#0"},
				"east": {"uv": [12, 5.5, 13, 5.625], "texture": "#0"},
				"south": {"uv": [12, 8.5, 13, 8.625], "texture": "#0"},
				"west": {"uv": [12, 9, 13, 9.125], "texture": "#0"},
				"up": {"uv": [9.5, 5, 8.5, 4], "texture": "#0"},
				"down": {"uv": [1, 9, 0, 10], "texture": "#0"}
			}
		},
		{
			"from": [9.6, 1, 9.9],
			"to": [9.7, 1.1, 11.5],
			"rotation": {"angle": 0, "axis": "y", "origin": [8.8, 1.325, 10.65]},
			"faces": {
				"north": {"uv": [13.5, 5.5, 13.625, 5.625], "texture": "#0"},
				"east": {"uv": [1.5, 12.5, 2.25, 12.625], "texture": "#0"},
				"south": {"uv": [7.5, 13.5, 7.625, 13.625], "texture": "#0"},
				"west": {"uv": [12.5, 2, 13.25, 2.125], "texture": "#0"},
				"up": {"uv": [2.625, 13.25, 2.5, 12.5], "texture": "#0"},
				"down": {"uv": [3.125, 12.5, 3, 13.25], "texture": "#0"}
			}
		},
		{
			"from": [9.4, 1, 9.9],
			"to": [9.6, 1.4, 11.5],
			"rotation": {"angle": 0, "axis": "y", "origin": [8.8, 1.325, 10.65]},
			"faces": {
				"north": {"uv": [4.5, 13.5, 4.625, 13.75], "texture": "#0"},
				"east": {"uv": [8.5, 11, 9.25, 11.25], "texture": "#0"},
				"south": {"uv": [5, 13.5, 5.125, 13.75], "texture": "#0"},
				"west": {"uv": [11, 8.5, 11.75, 8.75], "texture": "#0"},
				"up": {"uv": [3.625, 13.25, 3.5, 12.5], "texture": "#0"},
				"down": {"uv": [8.125, 12.5, 8, 13.25], "texture": "#0"}
			}
		},
		{
			"from": [9.2, 1, 9.9],
			"to": [9.4, 1.7, 11.5],
			"rotation": {"angle": 0, "axis": "y", "origin": [8.8, 1.325, 10.65]},
			"faces": {
				"north": {"uv": [13, 12, 13.125, 12.5], "texture": "#0"},
				"east": {"uv": [5, 9.5, 5.75, 10], "texture": "#0"},
				"south": {"uv": [12.5, 13, 12.625, 13.5], "texture": "#0"},
				"west": {"uv": [6, 9.5, 6.75, 10], "texture": "#0"},
				"up": {"uv": [9.625, 13.25, 9.5, 12.5], "texture": "#0"},
				"down": {"uv": [12.625, 9.5, 12.5, 10.25], "texture": "#0"}
			}
		},
		{
			"from": [9, 1, 9.9],
			"to": [9.2, 2, 11.5],
			"rotation": {"angle": 0, "axis": "y", "origin": [8.8, 1.325, 10.65]},
			"faces": {
				"north": {"uv": [13, 8.5, 13.125, 9.125], "texture": "#0"},
				"east": {"uv": [0, 10, 0.75, 10.625], "texture": "#0"},
				"south": {"uv": [9, 13, 9.125, 13.625], "texture": "#0"},
				"west": {"uv": [8.5, 10, 9.25, 10.625], "texture": "#0"},
				"up": {"uv": [10.125, 13.25, 10, 12.5], "texture": "#0"},
				"down": {"uv": [10.625, 12.5, 10.5, 13.25], "texture": "#0"}
			}
		},
		{
			"from": [8.4, 1, 9.9],
			"to": [8.6, 2, 11.5],
			"rotation": {"angle": 0, "axis": "y", "origin": [8.8, 1.325, 10.65]},
			"faces": {
				"north": {"uv": [13, 9.5, 13.125, 10.125], "texture": "#0"},
				"east": {"uv": [10, 8.5, 10.75, 9.125], "texture": "#0"},
				"south": {"uv": [13, 10.5, 13.125, 11.125], "texture": "#0"},
				"west": {"uv": [9.5, 10, 10.25, 10.625], "texture": "#0"},
				"up": {"uv": [12.625, 11.25, 12.5, 10.5], "texture": "#0"},
				"down": {"uv": [11.125, 12.5, 11, 13.25], "texture": "#0"}
			}
		},
		{
			"from": [8.2, 1, 9.9],
			"to": [8.4, 1.7, 11.5],
			"rotation": {"angle": 0, "axis": "y", "origin": [8.8, 1.325, 10.65]},
			"faces": {
				"north": {"uv": [13, 12.5, 13.125, 13], "texture": "#0"},
				"east": {"uv": [7, 9.5, 7.75, 10], "texture": "#0"},
				"south": {"uv": [13, 13, 13.125, 13.5], "texture": "#0"},
				"west": {"uv": [8, 9.5, 8.75, 10], "texture": "#0"},
				"up": {"uv": [11.625, 13.25, 11.5, 12.5], "texture": "#0"},
				"down": {"uv": [12.625, 11.5, 12.5, 12.25], "texture": "#0"}
			}
		},
		{
			"from": [7.9, 1, 9.9],
			"to": [8, 1.1, 11.5],
			"rotation": {"angle": 0, "axis": "y", "origin": [8.8, 1.325, 10.65]},
			"faces": {
				"north": {"uv": [8, 13.5, 8.125, 13.625], "texture": "#0"},
				"east": {"uv": [12.5, 2.5, 13.25, 2.625], "texture": "#0"},
				"south": {"uv": [8.5, 13.5, 8.625, 13.625], "texture": "#0"},
				"west": {"uv": [12, 12.5, 12.75, 12.625], "texture": "#0"},
				"up": {"uv": [0.125, 13.75, 0, 13], "texture": "#0"},
				"down": {"uv": [13.125, 0, 13, 0.75], "texture": "#0"}
			}
		},
		{
			"from": [8, 1, 9.9],
			"to": [8.2, 1.4, 11.5],
			"rotation": {"angle": 0, "axis": "y", "origin": [8.8, 1.325, 10.65]},
			"faces": {
				"north": {"uv": [13.5, 5, 13.625, 5.25], "texture": "#0"},
				"east": {"uv": [11, 9, 11.75, 9.25], "texture": "#0"},
				"south": {"uv": [5.5, 13.5, 5.625, 13.75], "texture": "#0"},
				"west": {"uv": [9.5, 11, 10.25, 11.25], "texture": "#0"},
				"up": {"uv": [0.625, 13.75, 0.5, 13], "texture": "#0"},
				"down": {"uv": [1.125, 13, 1, 13.75], "texture": "#0"}
			}
		},
		{
			"from": [8.8, 1, 9.9],
			"to": [9, 2.3, 11.5],
			"rotation": {"angle": 0, "axis": "y", "origin": [8.8, 1.325, 10.65]},
			"faces": {
				"north": {"uv": [13, 1, 13.125, 1.75], "texture": "#0"},
				"east": {"uv": [4, 9, 4.75, 9.75], "texture": "#0"},
				"south": {"uv": [1.5, 13, 1.625, 13.75], "texture": "#0"},
				"west": {"uv": [9, 6, 9.75, 6.75], "texture": "#0"},
				"up": {"uv": [2.125, 13.75, 2, 13], "texture": "#0"},
				"down": {"uv": [13.125, 3, 13, 3.75], "texture": "#0"}
			}
		},
		{
			"from": [8.6, 1, 9.9],
			"to": [8.8, 2.3, 11.5],
			"rotation": {"angle": 0, "axis": "y", "origin": [8.8, 1.325, 10.65]},
			"faces": {
				"north": {"uv": [13, 5, 13.125, 5.75], "texture": "#0"},
				"east": {"uv": [9, 8, 9.75, 8.75], "texture": "#0"},
				"south": {"uv": [6, 13, 6.125, 13.75], "texture": "#0"},
				"west": {"uv": [9, 9, 9.75, 9.75], "texture": "#0"},
				"up": {"uv": [6.625, 13.75, 6.5, 13], "texture": "#0"},
				"down": {"uv": [7.125, 13, 7, 13.75], "texture": "#0"}
			}
		},
		{
			"from": [6.1, 0.3, 9.7],
			"to": [6.5, 1.2, 10.1],
			"rotation": {"x": 84.82456, "y": 14.94159, "z": -1.3378, "origin": [6.3, 1.1, 9.9]},
			"faces": {
				"north": {"uv": [3.5, 12, 3.75, 12.5], "texture": "#0"},
				"east": {"uv": [12, 9.5, 12.25, 10], "texture": "#0"},
				"south": {"uv": [12, 10, 12.25, 10.5], "texture": "#0"},
				"west": {"uv": [12, 10.5, 12.25, 11], "texture": "#0"},
				"up": {"uv": [13.75, 0.25, 13.5, 0], "texture": "#0"},
				"down": {"uv": [13.75, 0.5, 13.5, 0.75], "texture": "#0"}
			}
		},
		{
			"from": [5.8, 1.2, 9.5],
			"to": [6.8, 1.7, 10.3],
			"rotation": {"x": 84.82456, "y": 14.94159, "z": -1.3378, "origin": [6.3, 1.1, 9.9]},
			"faces": {
				"north": {"uv": [12, 11, 12.5, 11.25], "texture": "#0"},
				"east": {"uv": [7.5, 13, 7.875, 13.25], "texture": "#0"},
				"south": {"uv": [12, 11.5, 12.5, 11.75], "texture": "#0"},
				"west": {"uv": [8.5, 13, 8.875, 13.25], "texture": "#0"},
				"up": {"uv": [1, 11.375, 0.5, 11], "texture": "#0"},
				"down": {"uv": [11.5, 9.5, 11, 9.875], "texture": "#0"}
			}
		},
		{
			"from": [5.6, 1.3, 9.6],
			"to": [7, 1.6, 10.2],
			"rotation": {"x": 84.82456, "y": 14.94159, "z": -1.3378, "origin": [6.3, 1.1, 9.9]},
			"faces": {
				"north": {"uv": [11, 10, 11.75, 10.25], "texture": "#0"},
				"east": {"uv": [13.5, 1, 13.75, 1.25], "texture": "#0"},
				"south": {"uv": [11, 10.5, 11.75, 10.75], "texture": "#0"},
				"west": {"uv": [13.5, 1.5, 13.75, 1.75], "texture": "#0"},
				"up": {"uv": [11.75, 11.25, 11, 11], "texture": "#0"},
				"down": {"uv": [0.75, 11.5, 0, 11.75], "texture": "#0"}
			}
		}
	],
	"display": {
		"thirdperson_righthand": {
			"rotation": [43, 152, 3],
			"translation": [-0.25, 6.75, 6.25]
		},
		"firstperson_righthand": {
			"rotation": [0, 153, 0],
			"translation": [-4.75, 8.25, 1.25]
		},
		"ground": {
			"translation": [0, 7.5, 0],
			"scale": [1.5, 1.5, 1.5]
		},
		"gui": {
			"rotation": [-134.61, 45.68, 156],
			"translation": [-4.25, 3.5, -0.5],
			"scale": [1.3, 1.3, 1.3]
		}
	},
	"groups": [
		{
			"name": "all",
			"origin": [8, 8, 8],
			"color": 0,
			"children": [
				{
					"name": "bottom",
					"origin": [8, 8, 8],
					"color": 0,
					"children": [0, 1, 2, 3, 4, 5]
				},
				{
					"name": "lid",
					"origin": [8, 8, 8],
					"color": 0,
					"children": [6, 7, 8, 9, 10, 11]
				},
				{
					"name": "contents",
					"origin": [8, 8, 8],
					"color": 0,
					"children": [
						{
							"name": "drawing",
							"origin": [8, 8, 8],
							"color": 0,
							"children": [12]
						},
						{
							"name": "helmet",
							"origin": [8, 8, 8],
							"color": 0,
							"children": [13, 14, 15, 16, 17, 18, 19, 20, 21, 22, 23]
						},
						{
							"name": "hammer",
							"origin": [8, 8, 8],
							"color": 0,
							"children": [24, 25, 26]
						}
					]
				}
			]
		}
	]
}