{"model":{"type":"range_dispatch","property":"custom_model_data","fallback":{"type":"minecraft:empty"},"entries":[{"threshold":1,"model":{"type":"minecraft:model","model":"bettermodel:modern_item/sumung_head_1","tints":[{"type":"minecraft:custom_model_data","default":16777215}]}},{"threshold":2,"model":{"type":"minecraft:model","model":"bettermodel:modern_item/sumung_su_1","tints":[{"type":"minecraft:custom_model_data","default":16777215}]}},{"threshold":3,"model":{"type":"minecraft:model","model":"bettermodel:modern_item/sumung_mung_1","tints":[{"type":"minecraft:custom_model_data","default":16777215}]}},{"threshold":4,"model":{"type":"minecraft:model","model":"bettermodel:modern_item/sumung_left_ear_1","tints":[{"type":"minecraft:custom_model_data","default":16777215}]}},{"threshold":5,"model":{"type":"minecraft:model","model":"bettermodel:modern_item/sumung_right_ear_1","tints":[{"type":"minecraft:custom_model_data","default":16777215}]}},{"threshold":6,"model":{"type":"minecraft:model","model":"bettermodel:modern_item/sumung_body_1","tints":[{"type":"minecraft:custom_model_data","default":16777215}]}},{"threshold":7,"model":{"type":"minecraft:model","model":"bettermodel:modern_item/sumung_left_arm_1","tints":[{"type":"minecraft:custom_model_data","default":16777215}]}},{"threshold":8,"model":{"type":"minecraft:model","model":"bettermodel:modern_item/sumung_right_arm_1","tints":[{"type":"minecraft:custom_model_data","default":16777215}]}},{"threshold":9,"model":{"type":"minecraft:model","model":"bettermodel:modern_item/sumung_left_leg_1","tints":[{"type":"minecraft:custom_model_data","default":16777215}]}},{"threshold":10,"model":{"type":"minecraft:model","model":"bettermodel:modern_item/sumung_right_leg_1","tints":[{"type":"minecraft:custom_model_data","default":16777215}]}}]}}