{"textures":{"0":"bettermodel:item/sumung_sumungtexture","particle":"bettermodel:item/sumung_sumungtexture"},"elements":[{"from":[4.7,8.0,7.0],"to":[7.0,12.8,9.0],"faces":{"north":{"uv":[0.0,10.0,0.5625,11.1875],"tintindex":-2,"texture":"#0"},"east":{"uv":[3.0,10.0,3.5,11.1875],"tintindex":-2,"texture":"#0"},"south":{"uv":[10.0,0.0,10.5625,1.1875],"tintindex":-2,"texture":"#0"},"west":{"uv":[3.5,10.0,4.0,11.1875],"tintindex":-2,"texture":"#0"},"up":{"uv":[10.5625,10.0,10.0,9.5],"tintindex":-2,"texture":"#0"},"down":{"uv":[10.5625,10.0,10.0,10.5],"tintindex":-2,"texture":"#0"}}}]}