{"textures":{"0":"bettermodel:item/sumung_sumungtexture","particle":"bettermodel:item/sumung_sumungtexture"},"elements":[{"from":[6.7,2.8000011,7.1],"to":[8.4,3.3000011,8.6],"faces":{"north":{"uv":[11.5,0.5,11.9375,0.625],"tintindex":-2,"texture":"#0"},"east":{"uv":[11.5,2.5,11.875,2.625],"tintindex":-2,"texture":"#0"},"south":{"uv":[11.5,0.75,11.9375,0.875],"tintindex":-2,"texture":"#0"},"west":{"uv":[11.5,2.75,11.875,2.875],"tintindex":-2,"texture":"#0"},"up":{"uv":[11.4375,0.375,11.0,0.0],"tintindex":-2,"texture":"#0"},"down":{"uv":[11.4375,0.5,11.0,0.875],"tintindex":-2,"texture":"#0"}}},{"from":[6.7,1.9000015,7.1],"to":[7.1,2.8000011,8.6],"faces":{"north":{"uv":[6.25,11.75,6.375,12.0],"tintindex":-2,"texture":"#0"},"east":{"uv":[11.25,3.25,11.625,3.5],"tintindex":-2,"texture":"#0"},"south":{"uv":[6.5,11.75,6.625,12.0],"tintindex":-2,"texture":"#0"},"west":{"uv":[3.5,11.25,3.875,11.5],"tintindex":-2,"texture":"#0"},"up":{"uv":[3.125,11.875,3.0,11.5],"tintindex":-2,"texture":"#0"},"down":{"uv":[3.375,11.5,3.25,11.875],"tintindex":-2,"texture":"#0"}}},{"from":[8.0,2.3000011,7.1],"to":[8.4,2.8000011,8.4],"faces":{"north":{"uv":[9.0,11.75,9.125,11.875],"tintindex":-2,"texture":"#0"},"east":{"uv":[11.5,11.5,11.8125,11.625],"tintindex":-2,"texture":"#0"},"south":{"uv":[9.5,11.75,9.625,11.875],"tintindex":-2,"texture":"#0"},"west":{"uv":[11.75,1.5,12.0625,1.625],"tintindex":-2,"texture":"#0"},"up":{"uv":[11.875,2.0625,11.75,1.75],"tintindex":-2,"texture":"#0"},"down":{"uv":[2.375,11.75,2.25,12.0625],"tintindex":-2,"texture":"#0"}}},{"from":[7.1,1.9000015,8.1],"to":[8.4,2.8000011,8.6],"faces":{"north":{"uv":[7.5,11.25,7.8125,11.5],"tintindex":-2,"texture":"#0"},"east":{"uv":[11.75,6.5,11.875,6.75],"tintindex":-2,"texture":"#0"},"south":{"uv":[11.25,7.5,11.5625,7.75],"tintindex":-2,"texture":"#0"},"west":{"uv":[6.75,11.75,6.875,12.0],"tintindex":-2,"texture":"#0"},"up":{"uv":[12.0625,2.375,11.75,2.25],"tintindex":-2,"texture":"#0"},"down":{"uv":[12.0625,3.25,11.75,3.375],"tintindex":-2,"texture":"#0"}}}]}