{"textures":{"0":"bettermodel:item/sumung_sumungtexture","particle":"bettermodel:item/sumung_sumungtexture"},"elements":[{"from":[7.5,3.1000004,6.8],"to":[9.3,3.6000004,9.2],"faces":{"north":{"uv":[2.5,11.125,3.0,11.25],"tintindex":-2,"texture":"#0"},"east":{"uv":[8.5,10.625,9.125,10.75],"tintindex":-2,"texture":"#0"},"south":{"uv":[10.0,3.625,10.5,3.75],"tintindex":-2,"texture":"#0"},"west":{"uv":[9.25,10.625,9.875,10.75],"tintindex":-2,"texture":"#0"},"up":{"uv":[6.5,10.625,6.0,10.0],"tintindex":-2,"texture":"#0"},"down":{"uv":[7.0,10.0,6.5,10.625],"tintindex":-2,"texture":"#0"}}},{"from":[7.4,3.6000004,6.7],"to":[9.4,8.1,9.3],"faces":{"north":{"uv":[2.5,10.0,3.0,11.125],"tintindex":-2,"texture":"#0"},"east":{"uv":[8.5,9.5,9.125,10.625],"tintindex":-2,"texture":"#0"},"south":{"uv":[10.0,2.5,10.5,3.625],"tintindex":-2,"texture":"#0"},"west":{"uv":[9.25,9.5,9.875,10.625],"tintindex":-2,"texture":"#0"},"up":{"uv":[6.5,10.625,6.0,10.0],"tintindex":-2,"texture":"#0"},"down":{"uv":[7.0,10.0,6.5,10.625],"tintindex":-2,"texture":"#0"}}}]}