{"textures":{"0":"bettermodel:item/sumung_sumungtexture","particle":"bettermodel:item/sumung_sumungtexture"},"elements":[{"from":[5.1,5.7,6.8],"to":[6.9,6.2,9.2],"faces":{"north":{"uv":[1.5,11.125,2.0,11.25],"tintindex":-2,"texture":"#0"},"east":{"uv":[7.0,10.625,7.625,10.75],"tintindex":-2,"texture":"#0"},"south":{"uv":[2.0,11.125,2.5,11.25],"tintindex":-2,"texture":"#0"},"west":{"uv":[7.75,10.625,8.375,10.75],"tintindex":-2,"texture":"#0"},"up":{"uv":[5.5,10.625,5.0,10.0],"tintindex":-2,"texture":"#0"},"down":{"uv":[6.0,10.0,5.5,10.625],"tintindex":-2,"texture":"#0"}}},{"from":[5.0,6.2,6.7],"to":[7.0,10.7,9.3],"faces":{"north":{"uv":[1.5,10.0,2.0,11.125],"tintindex":-2,"texture":"#0"},"east":{"uv":[7.0,9.5,7.625,10.625],"tintindex":-2,"texture":"#0"},"south":{"uv":[2.0,10.0,2.5,11.125],"tintindex":-2,"texture":"#0"},"west":{"uv":[7.75,9.5,8.375,10.625],"tintindex":-2,"texture":"#0"},"up":{"uv":[5.5,10.625,5.0,10.0],"tintindex":-2,"texture":"#0"},"down":{"uv":[6.0,10.0,5.5,10.625],"tintindex":-2,"texture":"#0"}}}]}