{"textures":{"0":"bettermodel:item/sumung_sumungtexture","particle":"bettermodel:item/sumung_sumungtexture"},"elements":[{"from":[4.5775404,18.096256,5.433155],"to":[11.42246,24.0,5.6898394],"faces":{"north":{"uv":[2.0,4.0,4.0,5.875],"tintindex":-2,"texture":"#0"},"east":{"uv":[0.25,11.25,0.3125,13.125],"tintindex":-2,"texture":"#0"},"south":{"uv":[4.0,2.0,6.0,3.875],"tintindex":-2,"texture":"#0"},"west":{"uv":[0.5,11.25,0.5625,13.125],"tintindex":-2,"texture":"#0"},"up":{"uv":[13.0,5.0625,11.0,5.0],"tintindex":-2,"texture":"#0"},"down":{"uv":[13.0,5.25,11.0,5.3125],"tintindex":-2,"texture":"#0"}}},{"from":[4.5775404,18.096256,5.6898394],"to":[4.8342247,24.0,10.310161],"faces":{"north":{"uv":[0.75,11.25,0.8125,13.125],"tintindex":-2,"texture":"#0"},"east":{"uv":[5.5,8.0,6.875,9.875],"tintindex":-2,"texture":"#0"},"south":{"uv":[1.0,11.25,1.0625,13.125],"tintindex":-2,"texture":"#0"},"west":{"uv":[8.0,6.0,9.375,7.875],"tintindex":-2,"texture":"#0"},"up":{"uv":[11.3125,4.875,11.25,3.5],"tintindex":-2,"texture":"#0"},"down":{"uv":[4.0625,11.25,4.0,12.625],"tintindex":-2,"texture":"#0"}}},{"from":[4.8342247,17.15508,5.6898394],"to":[11.165775,24.0,10.310161],"faces":{"north":{"uv":[4.0,4.0,5.875,6.0],"tintindex":-2,"texture":"#0"},"east":{"uv":[4.0,8.0,5.375,10.0],"tintindex":-2,"texture":"#0"},"south":{"uv":[0.0,6.0,1.875,8.0],"tintindex":-2,"texture":"#0"},"west":{"uv":[8.0,4.0,9.375,6.0],"tintindex":-2,"texture":"#0"},"up":{"uv":[8.875,9.375,7.0,8.0],"tintindex":-2,"texture":"#0"},"down":{"uv":[10.875,8.0,9.0,9.375],"tintindex":-2,"texture":"#0"}}},{"from":[11.165775,18.096256,5.6898394],"to":[11.42246,24.0,10.310161],"faces":{"north":{"uv":[1.25,11.25,1.3125,13.125],"tintindex":-2,"texture":"#0"},"east":{"uv":[9.5,4.0,10.875,5.875],"tintindex":-2,"texture":"#0"},"south":{"uv":[1.5,11.25,1.5625,13.125],"tintindex":-2,"texture":"#0"},"west":{"uv":[9.5,6.0,10.875,7.875],"tintindex":-2,"texture":"#0"},"up":{"uv":[4.3125,12.625,4.25,11.25],"tintindex":-2,"texture":"#0"},"down":{"uv":[4.5625,11.25,4.5,12.625],"tintindex":-2,"texture":"#0"}}},{"from":[4.5775404,18.096256,10.310161],"to":[11.42246,24.0,10.566845],"faces":{"north":{"uv":[6.0,0.0,8.0,1.875],"tintindex":-2,"texture":"#0"},"east":{"uv":[1.75,11.25,1.8125,13.125],"tintindex":-2,"texture":"#0"},"south":{"uv":[2.0,6.0,4.0,7.875],"tintindex":-2,"texture":"#0"},"west":{"uv":[2.0,11.25,2.0625,13.125],"tintindex":-2,"texture":"#0"},"up":{"uv":[13.0,5.5625,11.0,5.5],"tintindex":-2,"texture":"#0"},"down":{"uv":[13.0,5.75,11.0,5.8125],"tintindex":-2,"texture":"#0"}}}]}