{"textures":{"0":"bettermodel:item/sumung_sumungtexture","particle":"bettermodel:item/sumung_sumungtexture"},"elements":[{"from":[9.0,8.0,7.0],"to":[11.3,12.8,9.0],"faces":{"north":{"uv":[0.75,10.0,1.3125,11.1875],"tintindex":-2,"texture":"#0"},"east":{"uv":[4.0,10.0,4.5,11.1875],"tintindex":-2,"texture":"#0"},"south":{"uv":[10.0,1.25,10.5625,2.4375],"tintindex":-2,"texture":"#0"},"west":{"uv":[4.5,10.0,5.0,11.1875],"tintindex":-2,"texture":"#0"},"up":{"uv":[11.0625,3.0,10.5,2.5],"tintindex":-2,"texture":"#0"},"down":{"uv":[11.0625,3.0,10.5,3.5],"tintindex":-2,"texture":"#0"}}}]}