{"textures":{"0":"bettermodel:item/sumung_sumungtexture","particle":"bettermodel:item/sumung_sumungtexture"},"elements":[{"from":[5.2,-0.40000153,7.5],"to":[5.8,2.5999985,8.5],"faces":{"north":{"uv":[11.25,2.5,11.375,3.25],"tintindex":-2,"texture":"#0"},"east":{"uv":[6.0,10.75,6.25,11.5],"tintindex":-2,"texture":"#0"},"south":{"uv":[2.75,11.25,2.875,12.0],"tintindex":-2,"texture":"#0"},"west":{"uv":[6.25,10.75,6.5,11.5],"tintindex":-2,"texture":"#0"},"up":{"uv":[2.625,12.0,2.5,11.75],"tintindex":-2,"texture":"#0"},"down":{"uv":[11.875,3.5,11.75,3.75],"tintindex":-2,"texture":"#0"}}},{"from":[6.2,2.3999996,7.4],"to":[6.8,4.199999,8.6],"faces":{"north":{"uv":[9.75,11.25,9.875,11.6875],"tintindex":-2,"texture":"#0"},"east":{"uv":[11.0,1.0,11.3125,1.4375],"tintindex":-2,"texture":"#0"},"south":{"uv":[11.25,11.25,11.375,11.6875],"tintindex":-2,"texture":"#0"},"west":{"uv":[11.0,1.5,11.3125,1.9375],"tintindex":-2,"texture":"#0"},"up":{"uv":[3.625,11.8125,3.5,11.5],"tintindex":-2,"texture":"#0"},"down":{"uv":[11.625,3.5,11.5,3.8125],"tintindex":-2,"texture":"#0"}},"rotation":{"angle":45.0,"axis":"z","origin":[7.2,2.1999989,8.5]}},{"from":[4.2,2.3999996,7.4],"to":[4.8,3.5999985,8.6],"faces":{"north":{"uv":[3.75,11.5,3.875,11.8125],"tintindex":-2,"texture":"#0"},"east":{"uv":[11.0,9.0,11.3125,9.3125],"tintindex":-2,"texture":"#0"},"south":{"uv":[11.5,4.0,11.625,4.3125],"tintindex":-2,"texture":"#0"},"west":{"uv":[2.25,11.25,2.5625,11.5625],"tintindex":-2,"texture":"#0"},"up":{"uv":[11.625,4.8125,11.5,4.5],"tintindex":-2,"texture":"#0"},"down":{"uv":[6.125,11.5,6.0,11.8125],"tintindex":-2,"texture":"#0"}},"rotation":{"angle":-45.0,"axis":"z","origin":[3.8000002,2.1999989,8.5]}},{"from":[4.3,0.29999924,7.4],"to":[6.7,0.8999996,8.6],"faces":{"north":{"uv":[11.25,6.0,11.875,6.125],"tintindex":-2,"texture":"#0"},"east":{"uv":[11.5,3.0,11.8125,3.125],"tintindex":-2,"texture":"#0"},"south":{"uv":[11.25,6.25,11.875,6.375],"tintindex":-2,"texture":"#0"},"west":{"uv":[6.25,11.5,6.5625,11.625],"tintindex":-2,"texture":"#0"},"up":{"uv":[11.125,3.8125,10.5,3.5],"tintindex":-2,"texture":"#0"},"down":{"uv":[11.375,2.0,10.75,2.3125],"tintindex":-2,"texture":"#0"}}}]}