{"textures":{"0":"bettermodel:item/sumung_sumungtexture","particle":"bettermodel:item/sumung_sumungtexture"},"elements":[{"from":[7.6000004,2.8000011,7.1],"to":[9.3,3.3000011,8.6],"faces":{"north":{"uv":[11.5,0.0,11.9375,0.125],"tintindex":-2,"texture":"#0"},"east":{"uv":[11.5,1.0,11.875,1.125],"tintindex":-2,"texture":"#0"},"south":{"uv":[11.5,0.25,11.9375,0.375],"tintindex":-2,"texture":"#0"},"west":{"uv":[11.5,1.25,11.875,1.375],"tintindex":-2,"texture":"#0"},"up":{"uv":[9.9375,11.125,9.5,10.75],"tintindex":-2,"texture":"#0"},"down":{"uv":[11.1875,10.5,10.75,10.875],"tintindex":-2,"texture":"#0"}}},{"from":[8.9,1.9000015,7.1],"to":[9.3,2.8000011,8.6],"faces":{"north":{"uv":[11.75,4.25,11.875,4.5],"tintindex":-2,"texture":"#0"},"east":{"uv":[10.0,3.75,10.375,4.0],"tintindex":-2,"texture":"#0"},"south":{"uv":[11.75,4.5,11.875,4.75],"tintindex":-2,"texture":"#0"},"west":{"uv":[3.0,11.25,3.375,11.5],"tintindex":-2,"texture":"#0"},"up":{"uv":[11.625,1.875,11.5,1.5],"tintindex":-2,"texture":"#0"},"down":{"uv":[11.625,2.0,11.5,2.375],"tintindex":-2,"texture":"#0"}}},{"from":[7.6000004,2.3000011,7.1],"to":[8.0,2.8000011,8.4],"faces":{"north":{"uv":[8.5,11.75,8.625,11.875],"tintindex":-2,"texture":"#0"},"east":{"uv":[11.5,9.25,11.8125,9.375],"tintindex":-2,"texture":"#0"},"south":{"uv":[8.75,11.75,8.875,11.875],"tintindex":-2,"texture":"#0"},"west":{"uv":[11.5,9.5,11.8125,9.625],"tintindex":-2,"texture":"#0"},"up":{"uv":[9.375,11.8125,9.25,11.5],"tintindex":-2,"texture":"#0"},"down":{"uv":[11.625,9.75,11.5,10.0625],"tintindex":-2,"texture":"#0"}}},{"from":[7.6000004,1.9000015,8.1],"to":[8.9,2.8000011,8.6],"faces":{"north":{"uv":[11.25,7.0,11.5625,7.25],"tintindex":-2,"texture":"#0"},"east":{"uv":[4.75,11.75,4.875,12.0],"tintindex":-2,"texture":"#0"},"south":{"uv":[11.25,7.25,11.5625,7.5],"tintindex":-2,"texture":"#0"},"west":{"uv":[11.75,4.75,11.875,5.0],"tintindex":-2,"texture":"#0"},"up":{"uv":[11.8125,10.375,11.5,10.25],"tintindex":-2,"texture":"#0"},"down":{"uv":[11.8125,11.25,11.5,11.375],"tintindex":-2,"texture":"#0"}}}]}