{"textures":{"0":"bettermodel:item/sumung_sumungtexture","particle":"bettermodel:item/sumung_sumungtexture"},"elements":[{"from":[2.1999998,-0.40000153,7.5],"to":[2.8000002,1.5,8.5],"faces":{"north":{"uv":[4.75,11.25,4.875,11.75],"tintindex":-2,"texture":"#0"},"east":{"uv":[11.0,4.0,11.25,4.5],"tintindex":-2,"texture":"#0"},"south":{"uv":[9.5,11.25,9.625,11.75],"tintindex":-2,"texture":"#0"},"west":{"uv":[11.0,4.5,11.25,5.0],"tintindex":-2,"texture":"#0"},"up":{"uv":[11.875,4.0,11.75,3.75],"tintindex":-2,"texture":"#0"},"down":{"uv":[11.875,4.0,11.75,4.25],"tintindex":-2,"texture":"#0"}}},{"from":[1.4000001,0.29999924,7.4],"to":[3.6,0.8999996,8.6],"faces":{"north":{"uv":[11.25,7.75,11.8125,7.875],"tintindex":-2,"texture":"#0"},"east":{"uv":[6.75,11.5,7.0625,11.625],"tintindex":-2,"texture":"#0"},"south":{"uv":[8.0,11.25,8.5625,11.375],"tintindex":-2,"texture":"#0"},"west":{"uv":[7.25,11.5,7.5625,11.625],"tintindex":-2,"texture":"#0"},"up":{"uv":[7.0625,11.0625,6.5,10.75],"tintindex":-2,"texture":"#0"},"down":{"uv":[7.8125,10.75,7.25,11.0625],"tintindex":-2,"texture":"#0"}}},{"from":[1.4000001,1.5,7.4],"to":[3.6,1.8999996,8.6],"faces":{"north":{"uv":[8.75,11.25,9.3125,11.375],"tintindex":-2,"texture":"#0"},"east":{"uv":[7.75,11.5,8.0625,11.625],"tintindex":-2,"texture":"#0"},"south":{"uv":[11.25,10.5,11.8125,10.625],"tintindex":-2,"texture":"#0"},"west":{"uv":[8.25,11.5,8.5625,11.625],"tintindex":-2,"texture":"#0"},"up":{"uv":[8.5625,11.0625,8.0,10.75],"tintindex":-2,"texture":"#0"},"down":{"uv":[9.3125,10.75,8.75,11.0625],"tintindex":-2,"texture":"#0"}}},{"from":[1.4000001,2.8999996,7.4],"to":[3.6,3.2999992,8.6],"faces":{"north":{"uv":[11.25,10.75,11.8125,10.875],"tintindex":-2,"texture":"#0"},"east":{"uv":[8.75,11.5,9.0625,11.625],"tintindex":-2,"texture":"#0"},"south":{"uv":[11.25,11.0,11.8125,11.125],"tintindex":-2,"texture":"#0"},"west":{"uv":[11.5,9.0,11.8125,9.125],"tintindex":-2,"texture":"#0"},"up":{"uv":[11.3125,9.8125,10.75,9.5],"tintindex":-2,"texture":"#0"},"down":{"uv":[11.3125,10.0,10.75,10.3125],"tintindex":-2,"texture":"#0"}}},{"from":[3.3000002,1.8999996,7.4],"to":[3.6,2.8999996,8.6],"faces":{"north":{"uv":[7.5,11.75,7.5625,12.0],"tintindex":-2,"texture":"#0"},"east":{"uv":[6.5,11.25,6.8125,11.5],"tintindex":-2,"texture":"#0"},"south":{"uv":[7.75,11.75,7.8125,12.0],"tintindex":-2,"texture":"#0"},"west":{"uv":[11.25,6.5,11.5625,6.75],"tintindex":-2,"texture":"#0"},"up":{"uv":[11.8125,7.0625,11.75,6.75],"tintindex":-2,"texture":"#0"},"down":{"uv":[7.0625,11.75,7.0,12.0625],"tintindex":-2,"texture":"#0"}}},{"from":[1.4000001,1.8999996,7.4],"to":[1.6999998,2.8999996,8.6],"faces":{"north":{"uv":[8.0,11.75,8.0625,12.0],"tintindex":-2,"texture":"#0"},"east":{"uv":[11.25,6.75,11.5625,7.0],"tintindex":-2,"texture":"#0"},"south":{"uv":[8.25,11.75,8.3125,12.0],"tintindex":-2,"texture":"#0"},"west":{"uv":[7.0,11.25,7.3125,11.5],"tintindex":-2,"texture":"#0"},"up":{"uv":[7.3125,12.0625,7.25,11.75],"tintindex":-2,"texture":"#0"},"down":{"uv":[11.8125,7.25,11.75,7.5625],"tintindex":-2,"texture":"#0"}}}]}