{"textures":{"0":"bettermodel:item/sumung_sumungtexture","particle":"bettermodel:item/sumung_sumungtexture"},"elements":[{"from":[4.57754,17.326202,4.57754],"to":[4.919786,23.828878,11.422461],"faces":{"north":{"uv":[5.0,10.75,5.125,12.625],"tintindex":-2,"texture":"#0"},"east":{"uv":[0.0,0.0,2.0,1.875],"tintindex":-2,"texture":"#0"},"south":{"uv":[5.25,10.75,5.375,12.625],"tintindex":-2,"texture":"#0"},"west":{"uv":[0.0,2.0,2.0,3.875],"tintindex":-2,"texture":"#0"},"up":{"uv":[10.125,12.5,10.0,10.5],"tintindex":-2,"texture":"#0"},"down":{"uv":[10.375,10.5,10.25,12.5],"tintindex":-2,"texture":"#0"}}},{"from":[4.919786,17.326202,4.57754],"to":[11.080214,23.828878,4.748663],"faces":{"north":{"uv":[6.0,4.0,7.8125,5.875],"tintindex":-2,"texture":"#0"},"east":{"uv":[11.0,6.0,11.0625,7.875],"tintindex":-2,"texture":"#0"},"south":{"uv":[6.0,6.0,7.8125,7.875],"tintindex":-2,"texture":"#0"},"west":{"uv":[10.75,11.0,10.8125,12.875],"tintindex":-2,"texture":"#0"},"up":{"uv":[12.8125,8.0625,11.0,8.0],"tintindex":-2,"texture":"#0"},"down":{"uv":[12.8125,8.25,11.0,8.3125],"tintindex":-2,"texture":"#0"}}},{"from":[4.919786,17.155083,4.748663],"to":[11.080214,24.0,11.251337],"faces":{"north":{"uv":[6.0,2.0,7.8125,4.0],"tintindex":-2,"texture":"#0"},"east":{"uv":[2.0,0.0,3.875,2.0],"tintindex":-2,"texture":"#0"},"south":{"uv":[4.0,6.0,5.8125,8.0],"tintindex":-2,"texture":"#0"},"west":{"uv":[2.0,2.0,3.875,4.0],"tintindex":-2,"texture":"#0"},"up":{"uv":[1.8125,9.875,0.0,8.0],"tintindex":-2,"texture":"#0"},"down":{"uv":[9.8125,0.0,8.0,1.875],"tintindex":-2,"texture":"#0"}}},{"from":[4.919786,17.326202,11.251337],"to":[11.080214,23.828878,11.422461],"faces":{"north":{"uv":[2.0,8.0,3.8125,9.875],"tintindex":-2,"texture":"#0"},"east":{"uv":[11.0,11.0,11.0625,12.875],"tintindex":-2,"texture":"#0"},"south":{"uv":[8.0,2.0,9.8125,3.875],"tintindex":-2,"texture":"#0"},"west":{"uv":[0.0,11.25,0.0625,13.125],"tintindex":-2,"texture":"#0"},"up":{"uv":[12.8125,8.5625,11.0,8.5],"tintindex":-2,"texture":"#0"},"down":{"uv":[12.8125,8.75,11.0,8.8125],"tintindex":-2,"texture":"#0"}}},{"from":[11.080214,17.326202,4.57754],"to":[11.422461,23.828878,11.422461],"faces":{"north":{"uv":[5.5,10.75,5.625,12.625],"tintindex":-2,"texture":"#0"},"east":{"uv":[0.0,4.0,2.0,5.875],"tintindex":-2,"texture":"#0"},"south":{"uv":[5.75,10.75,5.875,12.625],"tintindex":-2,"texture":"#0"},"west":{"uv":[4.0,0.0,6.0,1.875],"tintindex":-2,"texture":"#0"},"up":{"uv":[10.625,12.5,10.5,10.5],"tintindex":-2,"texture":"#0"},"down":{"uv":[10.875,0.0,10.75,2.0],"tintindex":-2,"texture":"#0"}}}]}